nameEn,nameZh,cas,unii,synonyms
Aspirin,阿司匹林,50-78-2,R16CO5Y76E,Acetylsalicylic acid|ASA
Ibuprofen,布洛芬,15687-27-1,WK2XYI10QM,(±)-2-(4-Isobutylphenyl)propionic acid
Paracetamol,对乙酰氨基酚,103-90-2,362O9ITL9D,Acetaminophen|APAP
Metformin,二甲双胍,657-24-9,9100L32L2N,Metformin hydrochloride
Amoxicillin,阿莫西林,26787-78-0,9EM05410Q9,Amoxycillin
Atorvastatin,阿托伐他汀,134523-00-5,A0JWA85V8F,Atorvastatin calcium
Omeprazole,奥美拉唑,73590-58-6,KG60484QX9,
Amlodipine,氨氯地平,88150-42-9,1J444QC288,Amlodipine besylate
Losartan,氯沙坦,114798-26-4,JMS50MPO89,Losartan potassium
Simvastatin,辛伐他汀,79902-63-9,AGG2FN16EV,
Metoprolol,美托洛尔,37350-58-6,GEB06NHM23,Metoprolol tartrate
Lisinopril,赖诺普利,83915-83-7,E7199S1YWR,
Gabapentin,加巴喷丁,60142-96-3,6CW7F3GXoM,
Sertraline,舍曲林,79617-96-2,QUC7NX6WMB,Sertraline hydrochloride
Fluoxetine,氟西汀,54910-89-3,01K63SUP8D,Fluoxetine hydrochloride|Prozac
Citalopram,西酞普兰,59729-33-8,0DHU5B8D6V,
Escitalopram,艾司西酞普兰,128196-01-0,4O4S742ANY,
Venlafaxine,文拉法辛,93413-69-5,GRZ5RCB1QG,
Duloxetine,度洛西汀,116539-59-4,O5TNM5N07U,
Tramadol,曲马多,27203-92-5,39J1LGJ38S,
Morphine,吗啡,57-27-2,76I7G6D29C,
Codeine,可待因,76-57-3,UX6OWY2V7J,
Oxycodone,羟考酮,76-42-6,CD35PMG570,
Fentanyl,芬太尼,437-38-7,UF599785JZ,
Methadone,美沙酮,76-99-3,UC6VBE7V1Z,
Diazepam,地西泮,439-14-5,Q3JTX2Q7TU,
Lorazepam,劳拉西泮,846-49-1,O26FZP769L,
Alprazolam,阿普唑仑,28981-97-7,YU55MQ3IZY,
Clonazepam,氯硝西泮,1622-61-3,5PE9FDE8GB,
Zolpidem,唑吡坦,82626-48-0,7K383OQI23,
Warfarin,华法林,81-81-2,5Q7ZBV23MI,
Heparin,肝素,9005-49-6,T2410KM04A,
Clopidogrel,氯吡格雷,113665-84-2,A74586SNO7,Clopidogrel bisulfate
Aspirin lysine,阿司匹林赖氨酸,,,
Rosuvastatin,瑞舒伐他汀,287714-41-4,83MVU38M7Q,
Pravastatin,普伐他汀,81093-37-0,KXO2KT9N0G,
Ezetimibe,依折麦布,163222-33-1,EOR26LQQ24,
Fenofibrate,非诺贝特,49562-28-9,U202363U8B,
Gemfibrozil,吉非罗齐,25812-30-0,Q1200Y30I4,
Hydrochlorothiazide,氢氯噻嗪,58-93-5,0J48LPH2TH,
Furosemide,呋塞米,54-31-9,7LXU5N7ZO5,
Spironolactone,螺内酯,52-01-7,27O7W4T232,
Chlorthalidone,氯噻酮,77-36-1,Q0MQD1073Z,
Indapamide,吲达帕胺,26807-65-8,F089I17960,
Nifedipine,硝苯地平,21829-25-4,I9ZF7L6G2L,
Diltiazem,地尔硫䓬,42399-41-7,EE92BBP03H,
Verapamil,维拉帕米,52-53-9,CJ0O37KU29,
Carvedilol,卡维地洛,72956-09-3,0K47UL67F2,
Bisoprolol,比索洛尔,66722-44-9,Y41JS2NL6U,
Atenolol,阿替洛尔,29122-68-7,50VV3VW0TI,
Propranolol,普萘洛尔,525-66-6,9K8XRXo36Q,
Ramipril,雷米普利,87333-19-5,L35JN3I7SJ,
Enalapril,依那普利,75847-73-3,69K7K8K2WL,
Captopril,卡托普利,62571-86-2,9G64SC2038,
Valsartan,缬沙坦,137862-53-4,80M03YXJ7I,
Telmisartan,替米沙坦,144701-48-4,U5SYW473RQ,
Irbesartan,厄贝沙坦,138402-11-6,J0E2756Z7N,
Candesartan,坎地沙坦,139481-59-7,S8Q36MD2XX,
Olmesartan,奥美沙坦,144689-24-7,8L641QZQHD,
Digoxin,地高辛,20830-75-5,73K4184T59,
Amiodarone,胺碘酮,1951-25-3,N3RQ532IUT,
Sotalol,索他洛尔,3930-20-9,4L81F0G0Y5,
Isosorbide mononitrate,单硝酸异山梨酯,16051-77-7,LX1OH63030,
Nitroglycerin,硝酸甘油,55-63-0,G59M7S0WS3,Glyceryl trinitrate
Ranitidine,雷尼替丁,66357-35-5,884KT10YB7,
Famotidine,法莫替丁,76824-35-6,5QZO15J2Z8,
Pantoprazole,泮托拉唑,102625-70-7,D6A6JQD40P,
Esomeprazole,埃索美拉唑,119141-88-7,N3PAIN7O5H,
Lansoprazole,兰索拉唑,103577-45-3,0K5C5T2QPG,
Rabeprazole,雷贝拉唑,117976-89-3,32828355LL,
Domperidone,多潘立酮,57808-66-9,5587267Z69,
Metoclopramide,甲氧氯普胺,364-62-5,L4YEA0RW56,
Ondansetron,昂丹司琼,99614-02-5,4AF302ESOS,
Loperamide,洛哌丁胺,53179-11-6,6X9OC3H4II,
Bisacodyl,比沙可啶,603-50-9,10X0709Y6I,
Lactulose,乳果糖,4618-18-2,9U7D5QH5AE,
Mesalazine,美沙拉嗪,89-57-6,4Q81I59GXC,Mesalamine|5-ASA
Sulfasalazine,柳氮磺吡啶,599-79-1,3XC8GUZ6CB,
Prednisone,泼尼松,53-03-2,VB0R961HZT,
Prednisolone,泼尼松龙,50-24-8,9PHQ9Y1OLM,
Dexamethasone,地塞米松,50-02-2,7S5I7G3JQL,
Hydrocortisone,氢化可的松,50-23-7,WI4X0X7BPJ,
Methylprednisolone,甲泼尼龙,83-43-2,X4W7ZR7023,
Betamethasone,倍他米松,378-44-9,9842X06Q6M,
Budesonide,布地奈德,51333-22-3,Q3OKS62Q6X,
Fluticasone,氟替卡松,90566-53-3,CUT2W21N7U,
Beclomethasone,倍氯米松,4419-39-0,5B307S63B2,
Montelukast,孟鲁司特,158966-92-8,MHM278SD3E,
Salbutamol,沙丁胺醇,18559-94-9,QF8SV8JR1R,Albuterol
Salmeterol,沙美特罗,89365-50-4,2I4V1W2N1K,
Formoterol,福莫特罗,73573-87-2,W34SHF8J2K,
Tiotropium,噻托溴铵,136310-93-5,0EB439235F,
Ipratropium,异丙托溴铵,22254-24-6,GR88G0I6UL,
Theophylline,茶碱,58-55-9,0I55128JYK,
Cetirizine,西替利嗪,83881-51-0,YO7261ME24,
Loratadine,氯雷他定,79794-75-5,7AJO3BO7QN,
Fexofenadine,非索非那定,83799-24-0,E6582LOH6V,
Desloratadine,地氯雷他定,100643-71-8,FVF865388R,
Diphenhydramine,苯海拉明,58-73-1,8GTS82S83M,
Chlorphenamine,氯苯那敏,132-22-9,3U6IO1965U,Chlorpheniramine
Promethazine,异丙嗪,60-87-7,FF28EJQ494,
Insulin human,人胰岛素,11061-68-0,1Y17CTI5WQ,
Insulin glargine,甘精胰岛素,160337-95-1,2ZM8CX04RZ,
Metformin hydrochloride,盐酸二甲双胍,1115-70-4,7866113PPU,
Gliclazide,格列齐特,21187-98-4,G4PX8C4HKV,
Glimepiride,格列美脲,93479-97-1,6KY687524F,
Glipizide,格列吡嗪,29094-61-9,X7WDT95N5C,
Sitagliptin,西他列汀,486460-32-6,QFP0P1DV7Z,
Linagliptin,利格列汀,668270-12-0,3X29ZEJ4R2,
Empagliflozin,恩格列净,864070-44-0,HDC1R2M35U,
Dapagliflozin,达格列净,461432-26-8,1ULL0QJ8UC,
Pioglitazone,吡格列酮,111025-46-8,X4PV5J91CM,
Acarbose,阿卡波糖,56180-94-0,T58MSI464G,
Repaglinide,瑞格列奈,135062-02-1,668Z8C33LU,
Levothyroxine,左甲状腺素,51-48-9,Q51BO43MG4,Levothyroxine sodium|T4
Liothyronine,碘塞罗宁,6893-02-3,06CA6660VV,T3
Methimazole,甲巯咪唑,60-56-0,554Z48XN5E,Thiamazole
Propylthiouracil,丙硫氧嘧啶,51-52-5,721M76096N,
Allopurinol,别嘌醇,315-30-0,63CZ7GJN5I,
Colchicine,秋水仙碱,64-86-8,SML2Y3J35T,
Febuxostat,非布司他,144060-53-7,101V0R1N1P,
Methotrexate,甲氨蝶呤,59-05-2,YL5FZ2Y5U1,
Cyclophosphamide,环磷酰胺,50-18-0,8N3DW7272P,
Cisplatin,顺铂,15663-27-1,Q20Q21Q62J,
Carboplatin,卡铂,41575-94-4,BG3F62OND5,
Paclitaxel,紫杉醇,33069-62-4,P88XT4IS4D,
Docetaxel,多西他赛,114977-28-5,15H5577CQD,
Doxorubicin,多柔比星,23214-92-8,80168379AG,
5-Fluorouracil,氟尿嘧啶,51-21-8,U3P01618RT,Fluorouracil|5-FU
Capecitabine,卡培他滨,154361-50-9,6804DJ8Z9U,
Gemcitabine,吉西他滨,95058-81-4,B76N6SBZ8R,
Imatinib,伊马替尼,152459-95-5,BKJ8M8G5HI,
Erlotinib,厄洛替尼,183321-74-6,J4RVF12Y0Z,
Gefitinib,吉非替尼,184475-35-2,S65743JHBS,
Rituximab,利妥昔单抗,174722-31-7,4F4X42SYQ6,
Trastuzumab,曲妥珠单抗,180288-69-1,P188ANX8CK,
Bevacizumab,贝伐珠单抗,216974-75-3,2S9ZZM9Q9V,
Adalimumab,阿达木单抗,331731-18-1,FYS6T7F842,
Infliximab,英夫利西单抗,170277-31-3,B72HH48FLU,
Etanercept,依那西普,185243-69-0,OP401G7OJC,
Tocilizumab,托珠单抗,375823-41-9,I031V2H011,
Oseltamivir,奥司他韦,196618-13-0,20O93L6F9H,
Aciclovir,阿昔洛韦,59277-89-3,X4HES1O11F,Acyclovir
Valaciclovir,伐昔洛韦,124832-26-4,MZ1IW7Q79D,Valacyclovir
Ganciclovir,更昔洛韦,82410-32-0,P9G3CKZ4P5,
Lamivudine,拉米夫定,134678-17-4,2T8Q726O95,
Tenofovir,替诺福韦,147127-20-6,99YXE507IL,
Efavirenz,依非韦伦,154598-52-4,JE6H2O27P8,
Ritonavir,利托那韦,155213-67-5,O3J8G9X961,
Lopinavir,洛匹那韦,192725-17-0,2494G1JF75,
Dolutegravir,多替拉韦,1051375-16-6,1Q1V9V5WYQ,
Remdesivir,瑞德西韦,1809249-37-3,3QKI37EEHE,
Ivermectin,伊维菌素,70288-86-7,8883YP2R6D,
Albendazole,阿苯达唑,54965-21-8,FJD863WHJH,
Mebendazole,甲苯咪唑,31431-39-7,81G6I5V05I,
Metronidazole,甲硝唑,443-48-1,140QMO216E,
Tinidazole,替硝唑,19387-91-8,033KF7V46H,
Ciprofloxacin,环丙沙星,85721-33-1,5E8K9I0O4U,
Levofloxacin,左氧氟沙星,100986-85-4,RIX4E3B3KF,
Moxifloxacin,莫西沙星,151096-09-2,U188XYD42P,
Azithromycin,阿奇霉素,83905-01-5,J2KLZ20U1M,
Clarithromycin,克拉霉素,81103-11-9,H125YW7A53,
Erythromycin,红霉素,114-07-8,63937KV33D,
Doxycycline,多西环素,564-25-0,334895S862,
Minocycline,米诺环素,10118-90-8,FYY3R43WGO,
Tetracycline,四环素,60-54-8,F8VB5Z573X,
Amoxicillin clavulanate,阿莫西林克拉维酸,,,Co-amoxiclav
Ampicillin,氨苄西林,69-53-4,7C782967RD,
Penicillin G,青霉素G,61-33-6,Q42T66VG0C,Benzylpenicillin
Ceftriaxone,头孢曲松,73384-59-5,75J73V778O,
Cefuroxime,头孢呋辛,55268-75-2,O1R9FJ93ED,
Cefixime,头孢克肟,79350-37-1,XZ7BG04GJX,
Cefalexin,头孢氨苄,15686-71-2,5S2CCF3J0D,Cephalexin
Cefazolin,头孢唑林,25953-19-9,IHS69L0Y4T,
Meropenem,美罗培南,96036-03-2,FV9J3JU8B1,
Imipenem,亚胺培南,74431-23-5,71OTZ9ZE0O,
Vancomycin,万古霉素,1404-90-6,6Q205EH1VU,
Linezolid,利奈唑胺,165800-03-3,ISQ9I8T47M,
Clindamycin,克林霉素,18323-44-9,3U02EL437C,
Gentamicin,庆大霉素,1403-66-3,T6Z9V48IKG,
Amikacin,阿米卡星,37517-28-5,84319SGC3C,
Tobramycin,妥布霉素,32986-56-4,VZ8RRZ51VK,
Rifampicin,利福平,13292-46-1,VJT6J7R4TR,Rifampin
Isoniazid,异烟肼,54-85-3,V83O1VOZ8L,
Pyrazinamide,吡嗪酰胺,98-96-4,2KNI5N06mS,
Ethambutol,乙胺丁醇,74-55-5,8G167061QZ,
Fluconazole,氟康唑,86386-73-4,8VZV102JFY,
Itraconazole,伊曲康唑,84625-61-6,304NUG5GF4,
Voriconazole,伏立康唑,137234-62-9,JFU09I87TR,
Terbinafine,特比萘芬,91161-71-6,G7RIW8S0XP,
Nystatin,制霉菌素,1400-61-9,BDF1O1C72E,
Amphotericin B,两性霉素B,1397-89-3,7XU7A7DROE,
Chloroquine,氯喹,54-05-7,886U3H6UFF,
Hydroxychloroquine,羟氯喹,118-42-3,4QWG6N8QKH,
Artemether,蒿甲醚,71963-77-4,C7D6T3R172,
Artesunate,青蒿琥酯,88495-63-0,60W3249T90,
Quinine,奎宁,130-95-0,A7V27PHC7A,
Primaquine,伯氨喹,90-34-6,MVR365XMAE,
Sildenafil,西地那非,139755-83-2,BW9B0ZE037,
Tadalafil,他达拉非,171596-29-5,742SXX0ICT,
Finasteride,非那雄胺,98319-26-7,57GNO07D1D,
Tamsulosin,坦索罗辛,106133-20-4,11SV1951MR,
Dutasteride,度他雄胺,164656-23-9,O0J6X350E9,
Estradiol,雌二醇,50-28-2,4TI98Z838E,
Progesterone,黄体酮,57-83-0,4G7DS2Q64Y,
Testosterone,睾酮,58-22-0,3XMK78S47O,
Norethisterone,炔诺酮,68-22-4,T18F433X4S,Norethindrone
Levonorgestrel,左炔诺孕酮,797-63-7,5W7SIA7YZW,
Ethinylestradiol,炔雌醇,57-63-6,423D2T571U,
Medroxyprogesterone,甲羟孕酮,520-85-4,C2QI4IOI2G,
Tamoxifen,他莫昔芬,10540-29-1,094ZI81Y45,
Anastrozole,阿那曲唑,120511-73-1,2Z07MYW1AZ,
Letrozole,来曲唑,112809-51-5,7LKK855W8I,
Raloxifene,雷洛昔芬,84449-90-1,YX1R79G3J0,
Alendronate,阿仑膦酸,66376-36-1,X1J18R4W8P,Alendronic acid
Risedronate,利塞膦酸,105462-24-6,KM2ZSF842S,
Zoledronic acid,唑来膦酸,118072-93-8,6XC1PAD3KF,
Calcitriol,骨化三醇,32222-06-3,FXC9231JVH,
Cholecalciferol,胆钙化醇,67-97-0,1C6V77QF38,Vitamin D3
Ergocalciferol,麦角钙化醇,50-14-6,VS041H42XC,Vitamin D2
Retinol,视黄醇,68-26-8,G2SH0XKK91,Vitamin A
Ascorbic acid,抗坏血酸,50-81-7,PQ6CK8PD0R,Vitamin C
Thiamine,硫胺,59-43-8,X66NSO3N35,Vitamin B1
Riboflavin,核黄素,83-88-5,TLM2976OFR,Vitamin B2
Pyridoxine,吡哆醇,65-23-6,KV2JZ1BI6Z,Vitamin B6
Cyanocobalamin,氰钴胺,68-19-9,P6YC3EG204,Vitamin B12
Folic acid,叶酸,59-30-3,935E97BOY8,
Niacin,烟酸,59-67-6,2679MF687A,Nicotinic acid|Vitamin B3
Biotin,生物素,58-85-5,6SO6U10H04,Vitamin B7
Pantothenic acid,泛酸,79-83-4,19F5HK2737,Vitamin B5
Iron sulfate,硫酸亚铁,7720-78-7,3GW5QT60ZL,Ferrous sulfate
Folic acid iron,叶酸铁,,,
Potassium chloride,氯化钾,7447-40-7,660YQ98I10,
Sodium chloride,氯化钠,7647-14-5,451W47IQ8X,
Calcium carbonate,碳酸钙,471-34-1,H0G9379FGK,
Magnesium sulfate,硫酸镁,7487-88-9,ML30JM9SG4,
Lactose,乳糖,63-42-3,J2B2A4N98G,
Microcrystalline cellulose,微晶纤维素,9004-34-6,OP1R32D61U,MCC
Starch,淀粉,9005-25-8,O8232NY3SJ,
Povidone,聚维酮,9003-39-8,FZ989GH94E,PVP
Crospovidone,交联聚维酮,9003-39-8,2S7830E561,
Magnesium stearate,硬脂酸镁,557-04-0,70097M6I30,
Stearic acid,硬脂酸,57-11-4,4ELV7Z65AP,
Titanium dioxide,二氧化钛,13463-67-7,15FIX9V2JP,
Silicon dioxide,二氧化硅,7631-86-9,ETJ7Z6XBU4,Colloidal silica
Polyethylene glycol,聚乙二醇,25322-68-3,3WJQ0SDW1A,PEG|Macrogol
Polysorbate 80,聚山梨酯80,9005-65-6,6OZP39ZG8H,Tween 80
Sodium lauryl sulfate,十二烷基硫酸钠,151-21-3,368GB5141J,SLS
Hydroxypropyl methylcellulose,羟丙甲纤维素,9004-65-3,3NXW29V3WO,HPMC|Hypromellose
Carboxymethylcellulose,羧甲基纤维素,9000-11-7,K679OBS311,CMC
Mannitol,甘露醇,69-65-8,3OWL53L36A,
Sorbitol,山梨醇,50-70-4,506T60A25R,
Sucrose,蔗糖,57-50-1,C151H8M554,
Glucose,葡萄糖,50-99-7,5SL0G7R0C6,Dextrose
Glycerol,甘油,56-81-5,PDC6A3C0OX,Glycerin
Propylene glycol,丙二醇,57-55-6,6DC9Q167V3,
Ethanol,乙醇,64-17-5,3K9958V90M,Alcohol
Benzyl alcohol,苯甲醇,100-51-6,LKG8494WBH,
Phenol,苯酚,108-95-2,339NCG44TV,
Chlorhexidine,氯己定,55-56-1,R4KO0DY52L,
Povidone-iodine,聚维酮碘,25655-41-8,85H0HZU99W,
Hydrogen peroxide,过氧化氢,7722-84-1,BBX060AN9V,
Lidocaine,利多卡因,137-58-6,98PI200987,
Bupivacaine,布比卡因,2180-92-9,Y8335394RO,
Ropivacaine,罗哌卡因,84057-95-4,7IO90W8736,
Propofol,丙泊酚,2078-54-8,YI7VU023QT,
Ketamine,氯胺酮,6740-88-1,690G0D6V8H,
Midazolam,咪达唑仑,59467-70-8,R60L0SM5BC,
Sevoflurane,七氟烷,28523-86-6,38LVP0K73A,
Isoflurane,异氟烷,26675-46-7,CYS9A5VQYC,
Succinylcholine,琥珀胆碱,306-40-1,J2R869A8YF,Suxamethonium
Rocuronium,罗库溴铵,119302-91-9,WRE5531XWN,
Atracurium,阿曲库铵,64228-79-1,QIX2M8OBT7,
Neostigmine,新斯的明,59-99-4,3982TWQ96G,
Atropine,阿托品,51-55-8,7C0697DR9I,
Glycopyrrolate,格隆溴铵,596-51-0,V92HO2FOZ5,
Ephedrine,麻黄碱,299-42-3,GN83C131XS,
Pseudoephedrine,伪麻黄碱,90-82-4,7CUC9DDI9F,
Phenylephrine,去氧肾上腺素,59-42-7,1WS297W6MV,
Norepinephrine,去甲肾上腺素,51-41-2,X4W3ENH1CV,Noradrenaline
Epinephrine,肾上腺素,51-43-4,YKH834O4BH,Adrenaline
Dopamine,多巴胺,51-61-6,VTD58H1Z2X,
Dobutamine,多巴酚丁胺,34368-04-2,3S12J47372,
Phenytoin,苯妥英,57-41-0,6158TKW0C5,
Carbamazepine,卡马西平,298-46-4,33CM23913M,
Valproic acid,丙戊酸,99-66-1,614OI1Z5WI,
Lamotrigine,拉莫三嗪,84057-84-1,U3H27498KS,
Levetiracetam,左乙拉西坦,102767-28-2,9NDF7JZ4M3,
Topiramate,托吡酯,97240-79-4,0H73WJJ391,
Oxcarbazepine,奥卡西平,28721-07-5,VZI5B1W380,
Pregabalin,普瑞巴林,148553-50-8,55JG375S6M,
Baclofen,巴氯芬,1134-47-0,H789N3FKE8,
Tizanidine,替扎尼定,51322-75-9,6AI06C00H5,
Cyclobenzaprine,环苯扎林,303-53-7,0VE05JYS2P,
Sumatriptan,舒马普坦,103628-46-2,J8BDZ68989,
Rizatriptan,利扎曲普坦,144034-80-0,WR978S7QCM,
Ergotamine,麦角胺,113-15-5,PR834Q503T,
Aspirin caffeine,阿司匹林咖啡因,,,
Caffeine,咖啡因,58-08-2,3G6A5W338E,
Theobromine,可可碱,83-67-0,H0W7477JOM,
Nicotine,尼古丁,54-11-5,6M3C1JOY0U,
Varenicline,伐尼克兰,249296-44-4,W6HS99O8ZO,
Bupropion,安非他酮,34911-55-2,01ZG3TPX31,
Naltrexone,纳曲酮,16590-41-3,5S6W795CQM,
Naloxone,纳洛酮,465-65-6,36B82Z71C9,
Buprenorphine,丁丙诺啡,52485-79-7,40D3SCR4GZ,
Methocarbamol,美索巴莫,532-03-6,125OD7737X,
Orphenadrine,奥芬那君,83-98-7,X0A40G9S7P,
Diclofenac,双氯芬酸,15307-86-5,144O8QL0L1,
Naproxen,萘普生,22204-53-1,57Y76R9ATQ,
Celecoxib,塞来昔布,169590-42-5,JCX84Q7J1L,
Meloxicam,美洛昔康,71125-38-7,71125-38-7,71125-38-7
Indomethacin,吲哚美辛,53-86-1,XXE1CET956,
Piroxicam,吡罗昔康,36322-90-4,13T4O6VMAM,
Ketorolac,酮咯酸,74103-07-4,YZI5105V0L,
Mefenamic acid,甲芬那酸,61-68-7,367589PJ2C,
Acetazolamide,乙酰唑胺,59-66-5,O3FX965V0I,
Apixaban,阿哌沙班,503612-47-3,3Z9Y7UWC1J,
Dabigatran,达比加群,211914-51-1,I0VM4M70GC,
Edoxaban,艾多沙班,480449-70-5,NDU3J18APO,
Enoxaparin,依诺肝素,679809-58-6,8NZ39CAL78,
Fondaparinux,磺达肝癸钠,114870-03-0,J177FOW5JL,
Aspirin dipyridamole,阿司匹林双嘧达莫,,,
Dipyridamole,双嘧达莫,58-32-2,64ALC7F90C,
Ticagrelor,替格瑞洛,274693-27-5,GLH0314RVC,
Prasugrel,普拉格雷,150322-43-3,34K66TBT99,
Aspirin clopidogrel,阿司匹林氯吡格雷,,,
Isotretinoin,异维A酸,4759-48-2,EH28UP18IF,
Tretinoin,维A酸,302-79-4,5688UTC01R,All-trans-retinoic acid
Acitretin,阿维A,55079-83-9,LCH760E9T7,
Calcipotriol,卡泊三醇,112965-21-6,143NQ44107,Calcipotriene
Tacrolimus,他克莫司,104987-11-3,WM0HAQ4WNM,
Ciclosporin,环孢素,59865-13-3,83HN0GTJ6D,Cyclosporine
Mycophenolate mofetil,霉酚酸酯,128794-94-5,9242ECW6R0,
Azathioprine,硫唑嘌呤,446-86-6,MRK240IY2L,
Leflunomide,来氟米特,75706-12-6,G162GK9U4A,
Sulfamethoxazole,磺胺甲噁唑,723-46-6,JE42381TNV,
Trimethoprim,甲氧苄啶,738-70-5,AN164J8Y0X,
Co-trimoxazole,复方磺胺甲噁唑,,,TMP-SMX
Nitrofurantoin,呋喃妥因,67-20-9,927AH8112E,
Fosfomycin,磷霉素,23155-02-4,2N81MY12TE,
Phenoxymethylpenicillin,苯氧甲基青霉素,87-08-1,Z61I075U2W,Penicillin V
Flucloxacillin,氟氯西林,5250-39-5,43B2M6Q1M0,
Piperacillin,哌拉西林,61477-96-1,9I628532GX,
Tazobactam,他唑巴坦,89786-04-9,SE10G96M8W,
Ceftazidime,头孢他啶,72558-82-8,9M416Z9QNR,
Cefepime,头孢吡肟,88040-23-7,807X3VXD3D,
Aztreonam,氨曲南,78110-38-0,G2B4VE75UC,
Colistin,黏菌素,1066-17-7,Z67X93E7O8,Polymyxin E
Polymyxin B,多黏菌素B,1404-26-8,J2VZ07J96K,
Daptomycin,达托霉素,103060-53-3,NWQ5N31VKK,
Tigecycline,替加环素,220620-09-7,70JE2N95KR,
Mupirocin,莫匹罗星,12650-69-0,D0GX863OA5,
Fusidic acid,夫西地酸,6990-06-3,59XE10C96C,
Silver sulfadiazine,磺胺嘧啶银,22199-08-2,W46JY43EJR,
Benzoyl peroxide,过氧化苯甲酰,94-36-0,W9WZN9A0GM,
Salicylic acid,水杨酸,69-72-7,O414PZ4LPZ,
Hydroquinone,氢醌,123-31-9,XV74C1N1AE,
Minoxidil,米诺地尔,38304-91-5,5965120SH1,
Finasteride topical,外用非那雄胺,,,
Sunscreen avobenzone,阿伏苯宗,70356-09-1,G63QQF2NOX,
Octinoxate,甲氧基肉桂酸辛酯,5466-77-3,4Y5P7M0I8K,
Zinc oxide,氧化锌,1314-13-2,SOI2LOH54Z,
Clotrimazole,克霉唑,23593-75-1,G07GZ97H65,
Miconazole,咪康唑,22916-47-8,7NNO0D7S5M,
Ketoconazole,酮康唑,65277-42-1,R9400W927I,
Econazole,益康唑,27220-47-9,6Z1Y2V4A7E,
Tolnaftate,托萘酯,2398-96-1,06KB629TKV,
Selenium sulfide,硫化硒,7488-56-4,Z69D9E381Q,
Permethrin,氯菊酯,52645-53-1,509F88P9DW,
Lindane,林丹,58-89-9,PSH3QZ0ADU,
Malathion,马拉硫磷,121-75-5,U5N7SU872W,
Benzyl benzoate,苯甲酸苄酯,120-51-4,N863NB338G,
Ivermectin cream,伊维菌素乳膏,,,
Brimonidine,溴莫尼定,59803-98-4,E6GNX3A67E,
Timolol,噻吗洛尔,26839-75-8,817W3C6175,
Latanoprost,拉坦前列素,130209-82-4,6Z5X5GTW2W,
Bimatoprost,贝美前列素,155206-00-1,QE1YX1676U,
Travoprost,曲伏前列素,157283-68-6,WJ68R08KX9,
Dorzolamide,多佐胺,120279-96-1,9JDX055TW1,
Brinzolamide,布林佐胺,138890-62-7,9451Z89515,
Pilocarpine,毛果芸香碱,92-13-7,01MI4Q9DI3,
Tropicamide,托吡卡胺,1508-75-4,N0A3T08E6R,
Cyclopentolate,环喷托酯,512-15-2,I76F4SHP7J,
Fluorescein,荧光素,2321-07-5,TPY09G7XIR,
Artificial tears,人工泪液,,,
Sodium hyaluronate,透明质酸钠,9067-32-7,YSE9PPT4TH,
Carboxymethylcellulose eye,羧甲基纤维素钠滴眼液,,,
Olopatadine,奥洛他定,113806-05-6,D560QT719U,
Ketotifen,酮替芬,34580-13-7,X49220S1TZ,
Nedocromil,奈多罗米,69049-73-6,0B42K0I86O,
Cromolyn,色甘酸钠,15826-37-6,Q2WXR4TN4S,Sodium cromoglycate
Montelukast sodium,孟鲁司特钠,151767-02-1,U1O3JVS5EY,
Zafirlukast,扎鲁司特,107753-78-6,XZor1106VA,
Aminophylline,氨茶碱,317-34-0,27Y3KJK562,
Umeclidinium,乌美溴铵,869113-09-7,GE2T1418SV,
Vilanterol,维兰特罗,503068-34-6,028LZY775B,
Indacaterol,茚达特罗,312753-06-3,2JEC1CTY5C,
Olodaterol,奥达特罗,868049-49-4,VDG619Y42I,
Aclidinium,阿地溴铵,320345-99-1,UQW7UF9N91,
Roflumilast,罗氟司特,162401-32-3,0P6C6ZOP5U,
Nintedanib,尼达尼布,656247-17-5,G6HRD2P839,
Pirfenidone,吡非尼酮,53179-13-8,D7NLD2VX04,
Sildenafil PAH,西地那非肺动脉高压,,,
Bosentan,波生坦,147536-97-8,XUL93R30K2,
Ambrisentan,安立生坦,177036-94-1,HW6NV07QEC,
Macitentan,马昔腾坦,441798-33-0,Z9K9Y9WMVL,
Riociguat,利奥西呱,625115-55-1,RU3D3Y9ASM,
Selexipag,司来帕格,475086-01-2,5EXC0E384L,
Epoprostenol,依前列醇,35121-78-9,DCR9Z25355,
Iloprost,伊洛前列素,78919-13-8,JED5K35YGL,
Treprostinil,曲前列尼尔,81846-19-7,RUM6K67ESG,
Sacubitril,沙库巴曲,149709-62-6,17ERJ0MKGI,
Valsartan sacubitril,沙库巴曲缬沙坦,,,Entresto
Ivabradine,伊伐布雷定,155974-00-8,3H48L0LPZQ,
Ranolazine,雷诺嗪,95635-55-5,I5UM2GTM6O,
Trimetazidine,曲美他嗪,5011-34-7,N9A0A0U8N0,
Nicorandil,尼可地尔,65141-46-0,260456HAM0,
Molsidomine,吗多明,25717-80-0,C26C4XQ461,
Isosorbide dinitrate,硝酸异山梨酯,87-33-2,IA7306519N,
Pentaerythritol tetranitrate,季戊四醇四硝酸酯,78-11-5,SIP92A0R5P,PETN
Hydralazine,肼屈嗪,86-54-4,26NAK24MU9,
Minoxidil oral,米诺地尔口服,,,
Clonidine,可乐定,4205-90-7,MN3L5RMN02,
Methyldopa,甲基多巴,555-30-6,56LH93261Y,
Prazosin,哌唑嗪,19216-56-9,XM03YJ541D,
Doxazosin,多沙唑嗪,74191-85-8,NW1291F1W8,
Terazosin,特拉唑嗪,63590-64-7,8L5014XET7,
Alfuzosin,阿夫唑嗪,81403-80-7,90347YTW5F,
Silodosin,西洛多辛,160970-54-7,CUZ91QF5SC,
Sildenafil citrate oral,枸橼酸西地那非片,,,
Avanafil,阿伐那非,330784-47-9,DR5S136IVO,
Vardenafil,伐地那非,224785-90-4,U5J02140JV,
Dapoxetine,达泊西汀,119356-77-3,GTO4H0CA7T,
Flibanserin,氟班色林,167933-07-5,37JK4STR6Z,
Ospemifene,奥培米芬,128607-22-7,B0P231ILBK,
Bazedoxifene,巴多昔芬,198481-32-2,A240T0NZ1X,
Ulipristal,乌利司他,126784-40-5,6J5L59R03W,
Mifepristone,米非司酮,84371-65-3,320TNH001N,
Misoprostol,米索前列醇,59122-46-2,0E43V0BB57,
Oxytocin,缩宫素,50-56-6,1JQS135EYN,
Carbetocin,卡贝缩宫素,37025-55-1,88TWF8015Y,
Ergometrine,麦角新碱,60-79-7,WH41D8433D,Ergonovine
Methylergometrine,甲麦角新碱,113-42-8,A38L1P905O,Methylergonovine
Dinoprostone,地诺前列酮,363-24-6,K7Q1JQR7ZV,Prostaglandin E2
Carboprost,卡前列素,35700-23-3,U4526F86FJ,
Tranexamic acid,氨甲环酸,1197-18-8,6T84R30KC1,
Aminocaproic acid,氨基己酸,60-32-2,U6F3787206,
Vitamin K1,维生素K1,84-80-0,A034SE7857,Phytomenadione|Phytonadione
Protamine,鱼精蛋白,9009-65-8,P0TUG39U46,
Idarucizumab,依达赛珠单抗,1362509-93-0,2P471XCK0J,
Andexanet alfa,安得赛奈,,,
Fresh frozen plasma,新鲜冰冻血浆,,,
Albumin human,人血白蛋白,70024-90-7,ZIF514RVZR,
Immunoglobulin,免疫球蛋白,,,IVIG
Anti-D immunoglobulin,抗D免疫球蛋白,,,
Hepatitis B vaccine,乙肝疫苗,,,
Influenza vaccine,流感疫苗,,,
COVID-19 vaccine,新冠疫苗,,,
BCG vaccine,卡介苗,,,
MMR vaccine,麻腮风疫苗,,,
Polio vaccine,脊灰疫苗,,,
Tetanus toxoid,破伤风类毒素,,,
Diphtheria toxoid,白喉类毒素,,,
Pneumococcal vaccine,肺炎球菌疫苗,,,
HPV vaccine,人乳头瘤病毒疫苗,,,
Rabies vaccine,狂犬病疫苗,,,
Yellow fever vaccine,黄热病疫苗,,,
Varicella vaccine,水痘疫苗,,,
Herpes zoster vaccine,带状疱疹疫苗,,,
Rotavirus vaccine,轮状病毒疫苗,,,
Meningococcal vaccine,脑膜炎球菌疫苗,,,
Haemophilus B vaccine,b型流感嗜血杆菌疫苗,,,
Palivizumab,帕利珠单抗,188039-54-5,DQW8T47HXR,
Nirsevimab,尼塞韦单抗,,,
Dupilumab,度普利尤单抗,1190264-60-8,420V9WG3XU,
Secukinumab,司库奇尤单抗,1229022-83-8,DLG4EML025,
Ustekinumab,乌司奴单抗,815610-63-0,FU77B4U5Z0,
Guselkumab,古塞奇尤单抗,1350289-85-8,089658A33J,
Ixekizumab,依奇珠单抗,1143503-69-8,B4NU7H5JX4,
Risankizumab,瑞莎珠单抗,1612838-76-2,4F1X42SYQ6,
Tofacitinib,托法替布,477600-75-2,87LA6FU830,
Baricitinib,巴瑞替尼,1187594-09-7,501AXH7ISP,
Upadacitinib,乌帕替尼,1310726-60-3,4RA0KN46E0,
Apremilast,阿普米司特,608141-41-9,UP1QMAW59O,
Fingolimod,芬戈莫德,162359-55-9,3QN8BPE4U7,
Natalizumab,那他珠单抗,189261-10-7,3SJN73H9VO,
Ocrelizumab,奥瑞珠单抗,637334-45-3,A10SJL62JY,
Interferon beta,干扰素β,,,
Glatiramer,格拉替雷,147245-92-9,5M69160KWU,
Dimethyl fumarate,富马酸二甲酯,624-49-7,FO2303MNI4,
Teriflunomide,特立氟胺,108605-62-5,1C058IKG3B,
Siponimod,西尼莫德,1230487-00-9,CXG7XG3RQ0,
Ozanimod,奥扎莫德,1306760-87-1,2579I83HXY,
Ponesimod,泊奈莫德,1064009-97-1,5G7AKV2N2O,
Cladribine,克拉屈滨,4291-63-8,47M74X9YT8,
Alemtuzumab,阿仑单抗,216503-57-0,3A189VH78E,
Rituximab MS,利妥昔单抗多发性硬化,,,
Ofatumumab,奥法木单抗,679818-59-8,M95KG522R0,
Ocrelizumab SC,奥瑞珠单抗皮下,,,
Eculizumab,依库珠单抗,219685-50-4,R6T8C6585C,
Ravulizumab,瑞利珠单抗,1803171-55-2,A4YJL91GFP,
Efgartigimod,艾加莫德,,,
Rozanolixizumab,罗扎诺利珠单抗,,,
Eculizumab MG,依库珠单抗重症肌无力,,,
Pyridostigmine,吡斯的明,155-97-5,5DIC380N4R,
Edrophonium,依酚氯铵,116-38-1,QO61YHI7P0,
Riluzole,利鲁唑,1744-22-5,766VOI8OL3,
Edaravone,依达拉奉,89-25-8,S798V6YJRP,
Tofersen,托夫生,,,
Nusinersen,诺西那生,1258984-36-9,5Z9SP3X93S,
Risdiplam,利司扑兰,1825352-65-5,76RS4ZQI9O,
Onasemnogene,onasemnogene,,,Zolgensma
Levodopa,左旋多巴,59-92-7,46627O600J,
Carbidopa,卡比多巴,28860-95-9,MNX7R8C5VO,
Entacapone,恩他卡朋,130929-57-6,4975G9BPWE,
Tolcapone,托卡朋,134308-13-7,CIF6334OLY,
Opicapone,奥匹卡朋,923287-50-7,Y3233R8Y09,
Pramipexole,普拉克索,104632-26-0,83619PEU5T,
Ropinirole,罗匹尼罗,91374-21-9,030PYR8953,
Rotigotine,罗替戈汀,99755-59-6,87T4T8BO2E,
Apomorphine,阿扑吗啡,58-00-4,N21FAR7B4S,
Selegiline,司来吉兰,14611-51-9,2K1V7GP655,
Rasagiline,雷沙吉兰,136236-51-6,0037OR64PQ,
Safinamide,沙芬酰胺,133865-89-1,90ENL74SIG,
Amantadine,金刚烷胺,768-94-5,BF4C9VF39O,
Trihexyphenidyl,苯海索,144-11-6,6RC5V8B7CX,
Benztropine,苯扎托品,86-13-5,AIWS30M3HA,Benzatropine
Donepezil,多奈哌齐,120014-06-4,8SSC91326P,
Rivastigmine,卡巴拉汀,123441-03-2,HFD406WA24,
Galantamine,加兰他敏,357-70-0,0D2FX04JGV,
Memantine,美金刚,19982-08-2,W8O17SJH6X,
Aducanumab,阿杜卡奴单抗,1384244-36-9,4K7A51Q507,
Lecanemab,仑卡奈单抗,,,
Donanemab,多奈单抗,,,
Quetiapine,喹硫平,111974-69-7,2S3PL1B6UJ,
Olanzapine,奥氮平,132539-06-1,N7U69T4SZR,
Risperidone,利培酮,106266-06-2,L6UH7ZF8HC,
Aripiprazole,阿立哌唑,129722-12-9,82VFR53I78,
Haloperidol,氟哌啶醇,52-86-8,J6292F8L3D,
Chlorpromazine,氯丙嗪,50-53-3,U42B7VYA4P,
Clozapine,氯氮平,5786-21-0,J60AR2LK8J,
Ziprasidone,齐拉西酮,146939-27-7,6UKA5VEZ2X,
Lurasidone,鲁拉西酮,367514-87-2,22IC88528T,
Paliperidone,帕利哌酮,144598-75-4,838F01T721,
Brexpiprazole,依匹哌唑,913611-97-9,2J3YBM1K8C,
Cariprazine,卡利拉嗪,839712-12-8,IKW48B0R8A,
Lithium carbonate,碳酸锂,554-13-2,2BMD2GNA4V,
Valproate sodium,丙戊酸钠,1069-66-5,5VOM6GYJ0D,
Lamotrigine XR,拉莫三嗪缓释,,,
Carbamazepine XR,卡马西平缓释,,,
Oxcarbazepine XR,奥卡西平缓释,,,
Mirtazapine,米氮平,61337-67-5,A051Q2099Q,
Trazodone,曲唑酮,19794-93-5,YBK48BXK30,
Amitriptyline,阿米替林,50-48-6,1806D8D52K,
Nortriptyline,去甲替林,72-69-5,BL03SWT710,
Imipramine,丙咪嗪,50-49-7,OGG85SX4E4,
Clomipramine,氯米帕明,303-49-1,2LXW0L6GWJ,
Doxepin,多塞平,1668-19-5,82S8X8Q30W,
Paroxetine,帕罗西汀,61869-08-7,41VRH5220H,
Fluvoxamine,氟伏沙明,54739-18-3,O4L1XPO44W,
Vortioxetine,沃替西汀,508233-74-7,0K2DF4WC62,
Vilazodone,维拉佐酮,163521-12-8,PT8951474Y,
Agomelatine,阿戈美拉汀,138112-76-2,137R60IW2B,
Mianserin,米安色林,24219-97-4,250PJI13LM,
Buspirone,丁螺环酮,36505-84-7,TK65WKS8HL,
Hydroxyzine,羟嗪,68-88-2,30S50YM8OG,
Propranolol anxiety,普萘洛尔焦虑,,,
Melatonin,褪黑素,73-31-4,JL5DK93RMB,
Ramelteon,雷美替胺,196597-26-9,901AS54I69,
Suvorexant,苏沃雷生,1030377-33-3,807PW4VQE3,
Lemborexant,莱博雷生,1369764-02-2,0K5743P5Q0,
Daridorexant,达利雷生,1505484-55-0,9J1O4S3Y3Q,
Zopiclone,佐匹克隆,43200-80-2,UJ1883O33R,
Eszopiclone,右佐匹克隆,138729-47-2,UZX80K71OE,
Zaleplon,扎来普隆,151319-34-5,S62U433RMW,
Temazepam,替马西泮,846-50-4,CHB1QD2QSS,
Oxazepam,奥沙西泮,604-75-1,X05U0N2RCO,
Nitrazepam,硝西泮,146-22-5,9CLV70W7WY,
Flunitrazepam,氟硝西泮,1622-62-4,620X0222FH,
Triazolam,三唑仑,28911-01-5,1HM963MDWW,
Chlordiazepoxide,氯氮䓬,58-25-3,6RZ6XPO5UM,
Clobazam,氯巴占,22316-47-8,2MRO291B4U,
Phenobarbital,苯巴比妥,50-06-6,YQE403BP4D,
Primidone,扑米酮,125-33-7,13AFD7670Q,
Ethosuximide,乙琥胺,77-67-8,5SEH9A1O7R,
Vigabatrin,氨己烯酸,60643-86-9,GR120KRT6K,
Tiagabine,噻加宾,115103-54-3,ZX0NZC11MX,
Zonisamide,唑尼沙胺,68291-97-4,459384H98V,
Lacosamide,拉科酰胺,175481-36-4,563KS02K9Y,
Brivaracetam,布瓦西坦,357336-20-0,U863JBB23U,
Cenobamate,cenobamate,913821-88-2,P85X70RZWS,
Cannabidiol,大麻二酚,13956-29-1,19GBJ60SN5,CBD
Tetrahydrocannabinol,四氢大麻酚,1972-08-3,7J8897W37S,THC|Dronabinol
Nabilone,大麻隆,51022-71-0,2D5QD06393,
Methadone hydrochloride,盐酸美沙酮,1095-90-5,22952JPY4C,
Buprenorphine naloxone,丁丙诺啡纳洛酮,,,Suboxone
Nalmefene,纳美芬,55096-26-9,TOV02KSUYI,
Acamprosate,阿坎酸,77337-76-9,N4K14Y461K,
Disulfiram,双硫仑,97-77-8,TR3MLJ1UAI,
Naltrexone XR,纳曲酮长效,,,
Cytisine,金雀花碱,485-35-8,53S5U35358,
Lobeline,山梗菜碱,90-69-7,N0O6KZW9TR,
Compound alpha 1,,,SEED000001X,demo-syn-alpha
Substance alpha 2,,,SEED000002X,demo-syn-alpha
API alpha 3,,,SEED000003X,demo-syn-alpha
Excipient alpha 4,,,SEED000004X,demo-syn-alpha
Salt alpha 5,,,SEED000005X,demo-syn-alpha
Base alpha 6,,,SEED000006X,demo-syn-alpha
Hydrochloride alpha 7,,,SEED000007X,demo-syn-alpha
Sodium alpha 8,,,SEED000008X,demo-syn-alpha
Potassium alpha 9,,,SEED000009X,demo-syn-alpha
Calcium alpha 10,,,SEED000010X,demo-syn-alpha
Compound beta 11,,,SEED000011X,demo-syn-beta
Substance beta 12,,,SEED000012X,demo-syn-beta
API beta 13,,,SEED000013X,demo-syn-beta
Excipient beta 14,,,SEED000014X,demo-syn-beta
Salt beta 15,,,SEED000015X,demo-syn-beta
Base beta 16,,,SEED000016X,demo-syn-beta
Hydrochloride beta 17,,,SEED000017X,demo-syn-beta
Sodium beta 18,,,SEED000018X,demo-syn-beta
Potassium beta 19,,,SEED000019X,demo-syn-beta
Calcium beta 20,,,SEED000020X,demo-syn-beta
Compound gamma 21,,,SEED000021X,demo-syn-gamma
Substance gamma 22,,,SEED000022X,demo-syn-gamma
API gamma 23,,,SEED000023X,demo-syn-gamma
Excipient gamma 24,,,SEED000024X,demo-syn-gamma
Salt gamma 25,,,SEED000025X,demo-syn-gamma
Base gamma 26,,,SEED000026X,demo-syn-gamma
Hydrochloride gamma 27,,,SEED000027X,demo-syn-gamma
Sodium gamma 28,,,SEED000028X,demo-syn-gamma
Potassium gamma 29,,,SEED000029X,demo-syn-gamma
Calcium gamma 30,,,SEED000030X,demo-syn-gamma
Compound delta 31,,,SEED000031X,demo-syn-delta
Substance delta 32,,,SEED000032X,demo-syn-delta
API delta 33,,,SEED000033X,demo-syn-delta
Excipient delta 34,,,SEED000034X,demo-syn-delta
Salt delta 35,,,SEED000035X,demo-syn-delta
Base delta 36,,,SEED000036X,demo-syn-delta
Hydrochloride delta 37,,,SEED000037X,demo-syn-delta
Sodium delta 38,,,SEED000038X,demo-syn-delta
Potassium delta 39,,,SEED000039X,demo-syn-delta
Calcium delta 40,,,SEED000040X,demo-syn-delta
Compound epsilon 41,,,SEED000041X,demo-syn-epsilon
Substance epsilon 42,,,SEED000042X,demo-syn-epsilon
API epsilon 43,,,SEED000043X,demo-syn-epsilon
Excipient epsilon 44,,,SEED000044X,demo-syn-epsilon
Salt epsilon 45,,,SEED000045X,demo-syn-epsilon
Base epsilon 46,,,SEED000046X,demo-syn-epsilon
Hydrochloride epsilon 47,,,SEED000047X,demo-syn-epsilon
